,Name,Address,City,Province,Link
0,Scallywags Barbers,"6 Kinwarton Rd, Alcester, ENG, B49 6QT",Alcester,England,https://getsquire.com/discover/barbershop/scallywags-barbers-alcester
1,FORA,"69a London Road, Alderley Edge, ENG, SK9 7DY",Alderley-Edge,England,https://getsquire.com/discover/barbershop/fora-alderley-edge
2,Headcase Barbers - Alton,"3c Normandy Street, Alton, ENG, GU34 1DD",Alton,England,https://getsquire.com/discover/barbershop/headcase-barbers-alton-alton
3,Taylor Made Barbershop,"15a London Street, Basingstoke, ENG, RG21 7NT",Basingstoke,England,https://getsquire.com/discover/barbershop/taylor-made-barbershop-basingstoke
4,McNally Barbers,"73 Bower Street, Bedford, ENG, MK40 3RB",Bedford,England,https://getsquire.com/discover/barbershop/mcnally-barbers-bedford
5,Damiano Hair,"72 high street, Bedford, ENG, MK40 1NN",Bedford,England,https://getsquire.com/discover/barbershop/damiano-hair-bedford
6,Loui's Barbershop,"196 High Road, Benfleet, ENG, SS7 5LD",Benfleet,England,https://getsquire.com/discover/barbershop/louis-barbershop-benfleet
7,Myles & Co - Benfleet,"137 London Road,, Benfleet, ENG, SS7 5UH",Benfleet,England,https://getsquire.com/discover/barbershop/myles-and-co-benfleet-benfleet
8,Bull in a Barbershop,"21A High Street, Billericay, ENG, CM12 9BA",Billericay,England,https://getsquire.com/discover/barbershop/bull-in-a-barbershop-billericay
9,Boho Barber Co,"4A Villiers Square, Bilston, ENG, WV14 6QN",Bilston,England,https://getsquire.com/discover/barbershop/boho-barber-co-bilston
10,STANCE Barbershop,"2a Wilsden Road, Bingley, ENG, BD16 1JP",Bingley,England,https://getsquire.com/discover/barbershop/stance-barbershop-harden
11,Headcase Barbers - Wylde Green,"155 Sutton Road,, Birmingham, ENG, B23 5TN",Birmingham,England,https://getsquire.com/discover/barbershop/headcase-barbers-wylde-green-england
12,BOSS KUTZ BARBERS,"354 Bromford Lane, Birmingham, ENG, B8 2RZ",Birmingham,England,https://getsquire.com/discover/barbershop/boss-kutz-barbers-birmingham
13,KEM Unisex Salon,"3 Old Walsall Rd, Birmingham, ENG, B42 1NN",Birmingham,England,https://getsquire.com/discover/barbershop/kem-unisex-salon-birmingham-1
14,Seven Star Barbers,"Unit 8 Farley Centre, Birmingham, ENG, B24 0LB",Birmingham,England,https://getsquire.com/discover/barbershop/seven-star-barbers-birmingham
15,Tru Cutz Studio,"109 Bell Lane, Birmingham, ENG, B33 0HX",Birmingham,England,https://getsquire.com/discover/barbershop/tru-cutz-studio-b33-0hx
16,Shepherds Studio,"18 Lower Temple St. Suite E First Floor, Birmingham, ENG, B2 4JD",Birmingham,England,https://getsquire.com/discover/barbershop/shepherds-studio-birmingham
17,PH Barbers,"214 St. George’s Road, Bolton, ENG, BL1 2PH",Bolton,England,https://getsquire.com/discover/barbershop/ph-barbers-bolton
18,Fonz Barber Shop,"23 Bridge Street, Boston, ENG, PE21 8QF",Boston,England,https://getsquire.com/discover/barbershop/fonz-barber-shop-boston
19,Yateley Barber Lounge,"8 The Parade, Bourne End, ENG, SL8 5SY",Bourne-End,England,https://getsquire.com/discover/barbershop/yateley-barber-lounge-yateley
20,Bonds Barbershop - Bournemouth,"95 Old Christchurch Rd, Bournemouth, ENG, BH1 1EP",Bournemouth,England,https://getsquire.com/discover/barbershop/bonds-barbershop-bournemouth-bournemouth
21,Bonds Barbershop - Westbourne,"3 Seamoor Rd, Bournemouth, ENG, BH4 9AA",Bournemouth,England,https://getsquire.com/discover/barbershop/bonds-barbershop-westbourne-bournemouth
22,Wadefadeit,"26 scampton, Brandon, ENG, IP27 9GQ",Brandon,England,https://getsquire.com/discover/barbershop/wadefadeit-brandon-1
23,Barbers No6,"6 High St, Bridgnorth, ENG, WV16 4DE",Bridgnorth,England,https://getsquire.com/discover/barbershop/barbers-no6-bridgnorth
24,Black L’Amour Barbers,"17A Lewes Road, Brighton, ENG, BN2 3LB",Brighton,England,https://getsquire.com/discover/barbershop/black-lamour-barbers-brighton
25,Teddy Edwards (7 Dials),"85 Dyke rd, Brighton, ENG, BN1 3JE",Brighton,England,https://getsquire.com/discover/barbershop/teddy-edwards-7-dials-brighton
26,Afro Hair Academy,"50 Queens Road, Brighton, ENG, BN1 3XB",Brighton,England,https://getsquire.com/discover/barbershop/afro-hair-academy-brighton
27,South Central Barbers,"3 Marsh Street, Bristol, ENG, BS1 1RT",Bristol,England,https://getsquire.com/discover/barbershop/south-central-barbers-bristol
28,Lews Barbering,"26 Farr street, Bristol, ENG, BS11 9JR",Bristol,England,https://getsquire.com/discover/barbershop/lews-barbering-avonmouth
29,Barber Company Bristol,"85 Henleaze Road, Bristol, ENG, BS9 4JP",Bristol,England,https://getsquire.com/discover/barbershop/barber-company-bristol-bristol
30,Aldo's Barbershop,"26 West Street, Bristol, ENG, BS2 0BH",Bristol,England,https://getsquire.com/discover/barbershop/aldos-barbershop-bristol
31,Bristol Barber Club,"26 Gloucester road North, Bristol, ENG, BS7 0SJ",Bristol,England,https://getsquire.com/discover/barbershop/bristol-barber-club-bristol
32,MTE Barbering Academy Broadstone,"189 Lower Blandford Road, Broadstone, ENG, BH18 8DH",Broadstone,England,https://getsquire.com/discover/barbershop/mte-barbering-academy-broadstone-poole
33,Bonds Barbershop - Broadstone,"227 Lower Blandford road, Broadstone, ENG, BH18 8DN",Broadstone,England,https://getsquire.com/discover/barbershop/bonds-barbershop-broadstone-broadstone
34,Bonds Barbershop - Brockenhurst,"70 Brookley Road, Brockenhurst, ENG, SO42 7RA",Brockenhurst,England,https://getsquire.com/discover/barbershop/bonds-barbershop-brockenhurst-brockenhurst
35,Cutty Sharp Barbers,"28 Plaistow Lane, Bromley, ENG, BR1 3PA",Bromley,England,https://getsquire.com/discover/barbershop/cutty-sharp-barbers-bromley
36,Antonios Male Grooming - Bromley The Mall,"32 The Mall, Bromley, ENG, BR1 1TS",Bromley,England,https://getsquire.com/discover/barbershop/antonios-male-grooming-bromley-the-mall-bromley
37,Antonios Male Grooming - Hayes,"11 Station Approach, Bromley, ENG, BR2 7EQ",Bromley,England,https://getsquire.com/discover/barbershop/antonios-male-grooming-hayes-hayes
38,Baldwin & Co. Barbers,"33 Derby Street, Burton-on-Trent, ENG, DE14 2LD",Burton-On-Trent,England,https://getsquire.com/discover/barbershop/baldwin-and-co-barbers-burton-upon-trent
39,Nori's Beauty and Barber Cave,"19 Hawthorn Walk, Bury St. Edmunds, ENG, IP28 8UD",Bury-St.-Edmunds,England,https://getsquire.com/discover/barbershop/noris-beauty-and-barber-cave-beck-row
40,Against The Grain Barbershop,"6 High Street, Camberley, ENG, GU15 3SX",Camberley,England,https://getsquire.com/discover/barbershop/against-the-grain-barbershop-camberley
41,Brad's Barbers,"4 Duke Street, Chelmsford, ENG, CM1 1HL",Chelmsford,England,https://getsquire.com/discover/barbershop/brads-barbers-chelmsford
42,Signature Barbers,"3 Suffolk Road, Cheltenham, ENG, GL50 2AG",Cheltenham,England,https://getsquire.com/discover/barbershop/signature-barbers-cheltenham
43,CAMO - Cheltenham,"10 Ambrose Street Cheltenham, Cheltenham, ENG, GL50 3LG",Cheltenham,England,https://getsquire.com/discover/barbershop/camo-cheltenham-cheltenham
44,Mens Grooming Company,"32 Smithford Way, Coventry, ENG, CV1 1FX",Coventry,England,https://getsquire.com/discover/barbershop/mens-grooming-company-coventry
45,Barber Jase Studio 🥢,"1a Brading Road, Croydon, ENG, CR0 3BR",Croydon,England,https://getsquire.com/discover/barbershop/barber-jase-studio-croydon
46,Jeeves @ Fiftyfour,"50 High Street, Daventry, ENG, NN11 4HU",Daventry,England,https://getsquire.com/discover/barbershop/jeeves-fiftyfour-daventry
47,The Basement Barbershop,"95 Victoria Rd (Inside Oink Gallery), Devizes, ENG, SN10 1EZ",Devizes,England,https://getsquire.com/discover/barbershop/the-basement-barbershop-swindon
48,His Homme,"14A Main St, Doncaster, ENG, DN5 7RF",Doncaster,England,https://getsquire.com/discover/barbershop/his-homme-sprotbrough
49,Taylor Taylor Barbershop - Dronfield,"3 High Street, Dronfield, ENG, S18 1PX",Dronfield,England,https://getsquire.com/discover/barbershop/taylor-taylor-barbershop-dronfield-dronfield
50,Studio NINETY3,"91 Lingfield road, East Grinstead, ENG, RH19 2EL",East-Grinstead,England,https://getsquire.com/discover/barbershop/studio-ninety3-east-grinstead
51,Adams barbershop,"1A Station parade, Eastbourne, ENG, BN21 1BE",Eastbourne,England,https://getsquire.com/discover/barbershop/adams-barbershop-brentford
52,Glide Barbers,"141 High Street, Epsom, ENG, KT19 8EH",Epsom,England,https://getsquire.com/discover/barbershop/glide-barbers-epsom
53,Alpha Barbers,"52-56 High St, Esher, ENG, KT10 9QJ",Esher,England,https://getsquire.com/discover/barbershop/alpha-barbers-esher
54,CAMO - Evesham,"1 Vine Court, Evesham, ENG, WR11 4RF",Evesham,England,https://getsquire.com/discover/barbershop/camo-evesham-evesham
55,Headcase Barbers - Farnham,"11 Upper Church Lane, Farnham, ENG, GU9 7PW",Farnham,England,https://getsquire.com/discover/barbershop/headcase-barbers-farnham-england
56,Jiminy Snippit,"1A Linkway Parade, Fleet, ENG, GU52 7UH",Fleet,England,https://getsquire.com/discover/barbershop/jiminy-snippit-fleet
57,Bonds Barbershop - Fordingbridge,"17 Salisbury St, Fordingbridge, ENG, SP6 1AB",Fordingbridge,England,https://getsquire.com/discover/barbershop/bonds-barbershop-fordingbridge-fordingbridge
58,JC Barbering,"344 Old Durham Road, Gateshead, ENG, NE8 4BQ",Gateshead,England,https://getsquire.com/discover/barbershop/jc-barbering-gateshead
59,Bashcutt,"88 High Street, Gloucester, ENG, GL1 4SS",Gloucester,England,https://getsquire.com/discover/barbershop/bashcutt-gloucester
60,CAMO - Gloucester,"7 Worcester Street, Gloucester, ENG, GL1 3AJ",Gloucester,England,https://getsquire.com/discover/barbershop/camo-gloucester-gloucester
61,BLENDTAYGA,"42 Bideford Ave, Greenford, ENG, UB6 7PP",Greenford,England,https://getsquire.com/discover/barbershop/blendtayga-perivale
62,Headcase Barbers - Guildford,"2 Swan Lane, Guildford, ENG, GU1 4EQ",Guildford,England,https://getsquire.com/discover/barbershop/headcase-barbers-guildford-england
63,On Point Barbers Bradford,"40 swainhouse road, Halifax, ENG, HX1 3SE",Halifax,England,https://getsquire.com/discover/barbershop/on-point-barbers-bradford-bradford
64,Courtyard Barbers,"5, Harrogate, ENG, HG2 7PP",Harrogate,England,https://getsquire.com/discover/barbershop/courtyard-barbers-knaresborough
65,Headcase Barbers - Haslemere,"10 High Street, Haslemere, ENG, GU27 2JE",Haslemere,England,https://getsquire.com/discover/barbershop/headcase-barbers-haslemere-haslemere
66,Heritage Barbershop Henley,"52 high street, Henley-in-Arden, ENG, B95 5AN",Henley-In-Arden,England,https://getsquire.com/discover/barbershop/heritage-barbershop-henley-henley-in-arden
67,Lifestyle Barbering,"136 Hillview Avenue, Hornchurch, ENG, RM11 2DL",Hornchurch,England,https://getsquire.com/discover/barbershop/lifestyle-barbering-hornchurch
68,Wrigglers,"206 High St, Hornchurch, ENG, RM12 6QP",Hornchurch,England,https://getsquire.com/discover/barbershop/wrigglers-hornchurch
69,Teddy Edwards (Hove Station),"76 Goldstone Villas, Hove, ENG, BN3 3RU",Hove,England,https://getsquire.com/discover/barbershop/teddy-edwards-hove-station-hove
70,Hairforce1 - Ilford,"29 Green Lane, Ilford, ENG, IG1 1XG",Ilford,England,https://getsquire.com/discover/barbershop/hairforce1-ilford-ilford
71,Palmers,"25 High Street Ingatestone, Ingatestone, ENG, CM4 9DU",Ingatestone,England,https://getsquire.com/discover/barbershop/palmers-ingatestone
72,Blake Company,"5 Smalley Place, Kenilworth, ENG, CV8 1QG",Kenilworth,England,https://getsquire.com/discover/barbershop/blake-company-kenilworth
73,The dapper fox barbershop,"63 high street, Kingston upon Thames, ENG, KT1 4DG",Kingston-Upon-Thames,England,https://getsquire.com/discover/barbershop/the-dapper-fox-barbershop-kingston-upon-thames
74,Braid Barbers - Leamington Spa,"74 Warwick Street, Leamington Spa, ENG, CV32 4QG",Leamington-Spa,England,https://getsquire.com/discover/barbershop/braid-barbers-leamington-spa-leamington-spa
75,Squire for Men - Station Road,"18 Station Road, Leeds, ENG, LS18 5NR",Leeds,England,https://getsquire.com/discover/barbershop/squire-for-men-station-road-leeds
76,Squire for men - Town Street,"91 Town Street, Leeds, ENG, LS18 5BP",Leeds,England,https://getsquire.com/discover/barbershop/squire-for-men-town-street-leeds
77,0ne. Barbershop,"15 Isabel Lane, Leicester, ENG, LE8 0QQ",Leicester,England,https://getsquire.com/discover/barbershop/0ne-barbershop-leicester
78,Headcase Barbers - Leicester,"49 Market Street, Leicester, ENG, LE1 6DN",Leicester,England,https://getsquire.com/discover/barbershop/headcase-barbers-leicester-england
79,CrookedGent Barbershop,"53-55 Belgrave Gate, Leicester, ENG, LE1 3HR",Leicester,England,https://getsquire.com/discover/barbershop/crookedgent-barbershop-leicester
80,ROOTS/CO.,"181 Blackbird Rd, Leicester, ENG, LE4 0AL",Leicester,England,https://getsquire.com/discover/barbershop/roots-co-leicester
81,Styled by Arya,"92 The Parade, Leicester, ENG, LE2 5BF",Leicester,England,https://getsquire.com/discover/barbershop/styled-by-arya-oadby
82,Cartel’s,"6 Loseby Lane, Leicester, ENG, LE1 5DR",Leicester,England,https://getsquire.com/discover/barbershop/cartels-leicester
83,The Stags Head Barbers,"45 Western Boulevard, Leicester, ENG, LE2 7HN",Leicester,England,https://getsquire.com/discover/barbershop/the-stags-head-barbers-leicester
84,HellRazor Barbershop,"55 Railway Road, Leigh, ENG, WN7 4AD",Leigh,England,https://getsquire.com/discover/barbershop/hellrazor-barbershop-leigh
85,Kasthebarber,"139 Hillfoot Road, Liverpool, ENG, L25 0ND",Liverpool,England,https://getsquire.com/discover/barbershop/kasthebarber-liverpool
86,Privé by Dan Gregory,"Unit 6, 10-14 Jamaica Street, Liverpool, ENG, L1 0AF",Liverpool,England,https://getsquire.com/discover/barbershop/prive-by-dan-gregory-liverpool
87,Neil Smith Men’s Hair,"303 Aigburth Road, Liverpool, ENG, L17 0BJ",Liverpool,England,https://getsquire.com/discover/barbershop/neil-smith-mens-hair-liverpool
88,The Barbershop Dale Street,"64 dale street, Liverpool, ENG, L2 5ST",Liverpool,England,https://getsquire.com/discover/barbershop/the-barbershop-dale-street-liverpool
89,Thedapperhorse,"199 southfield road, London, ENG, W4 5LB",London,England,https://getsquire.com/discover/barbershop/thedapperhorse-chiswick
90,Champs Barbers - London Bridge,"4-6 London Bridge, London, ENG, SE1 9SG",London,England,https://getsquire.com/discover/barbershop/champs-barbers-london-bridge-london
91,The Barber’s Lounge,"Unit 0.03 World Trade Center, London, ENG, SW19 2BU",London,England,https://getsquire.com/discover/barbershop/the-barbers-lounge-gibraltar
92,Groomed Barber Club - London,"334-348 Oxford Street, London, ENG, W1C 1JG",London,England,https://getsquire.com/discover/barbershop/groomed-barber-club-london-marylebone
93,Envy Barbers - Chingford,"100 Chingford Mount Road, London, ENG, E4 9AA",London,England,https://getsquire.com/discover/barbershop/envy-barbers-chingford-london
94,Rockerfella Barbers,"44 Middlesex St,, London, ENG, E1 7EX",London,England,https://getsquire.com/discover/barbershop/rockerfella-barbers-london
95,Kreate Barbershop,"Unit 4, London, ENG, E16 2RD",London,England,https://getsquire.com/discover/barbershop/kreate-barbershop-greater-london
96,Island Oasis Inc,"111 Plaistow Road, London, ENG, E15 3ET",London,England,https://getsquire.com/discover/barbershop/island-oasis-inc-west-ham-london
97,House Of Selected,"22 Caledonian Road, London, ENG, N1 0RU",London,England,https://getsquire.com/discover/barbershop/house-of-selected-london
98,TRUTH FOR MEN,"235 Nether Street, London, ENG, N3 1NT",London,England,https://getsquire.com/discover/barbershop/truth-for-men-west-finchley
99,BELMONT STORES,"115 Hoe Street, London, ENG, E17 4RX",London,England,https://getsquire.com/discover/barbershop/belmont-stores-walthamstow
100,Barber Social,"6 - 9 West Park Walk, London, ENG, E20 1DG",London,England,https://getsquire.com/discover/barbershop/barber-social-london
101,Donnelly's Barber Shop,"73 Ladywell Road, London, ENG, SE13 7JA",London,England,https://getsquire.com/discover/barbershop/donnellys-barber-shop-london
102,Classique Barbers,"119 Anerley Road, London, ENG, SE20 8FE",London,England,https://getsquire.com/discover/barbershop/classique-barbers-london
103,Champs Barbers - Oxford Circus,"21 Berners mews, London, ENG, W1T 3AJ",London,England,https://getsquire.com/discover/barbershop/champs-barbers-oxford-circus-london
104,The Royal Barber Kensington,"3 Kensington High Street, London, ENG, W8 5NP",London,England,https://getsquire.com/discover/barbershop/the-royal-barber-kensington-kensington
105,Shape Shifters Hair Design,"155 South Ealing road, London, ENG, W5 4QP",London,England,https://getsquire.com/discover/barbershop/shape-shifters-hair-design-london
106,Headcase Barbers - Greenwich,"10 Little Thames Walk, London, ENG, SE8 3FB",London,England,https://getsquire.com/discover/barbershop/headcase-barbers-greenwich-england
107,Zayn the Clipper - Canning Town,"13a Minnie Baldock Street, London, ENG, E16 1YE",London,England,https://getsquire.com/discover/barbershop/zayn-the-clipper-canning-town-canning-town
108,Cardinale Collective,"131 kings cross road, London, ENG, WC1X 9BJ",London,England,https://getsquire.com/discover/barbershop/cardinale-collective-kings-cross
109,Well Groomed,"117 mare street, London, ENG, E8 1HY",London,England,https://getsquire.com/discover/barbershop/well-groomed-e84ru
110,Little fidgets Loughton,"7b forest road, Loughton, ENG, IG10 1DR",Loughton,England,https://getsquire.com/discover/barbershop/little-fidgets-loughton-loughton
111,Trendz Hair Design,"21a George street Luton, Luton, ENG, LU1 2AF",Luton,England,https://getsquire.com/discover/barbershop/trendz-hair-design-luton
112,Bonds Barbershop - Lymington,"2 High Street, Lymington, ENG, SO41 9FT",Lymington,England,https://getsquire.com/discover/barbershop/bonds-barbershop-lymington-lymington
113,Fargs - Maidstone,"17 Pudding Lane, Maidstone, ENG, ME14 1PA",Maidstone,England,https://getsquire.com/discover/barbershop/fargs-maidstone-maidstone
114,Profound Salon,"17 Edwards walk, Maldon, ENG, CM9 5PS",Maldon,England,https://getsquire.com/discover/barbershop/profound-salon-maldon
115,Barber Collective,"221 Droylsden Road, Manchester, ENG, M34 5ZT",Manchester,England,https://getsquire.com/discover/barbershop/barber-collective-manchester
116,Jefe’s Barbers,"38 Spear Street, Manchester, ENG, M1 1AS",Manchester,England,https://getsquire.com/discover/barbershop/jefes-barbers-manchester
117,Howards Barbershop,"36 Fountain Street, Manchester, ENG, M24 1AF",Manchester,England,https://getsquire.com/discover/barbershop/howards-barbershop-middleton
118,Oliver's,"148 Burton Road, Manchester, ENG, M20 1LH",Manchester,England,https://getsquire.com/discover/barbershop/olivers-west-didsbury-m20-1lh
119,Studio barbers,"44 high Street, Milton Keynes, ENG, MK13 0BT",Milton-Keynes,England,https://getsquire.com/discover/barbershop/studio-barbers-milton-keynes
120,Braid Barbers - Milton Keynes,"769 Midsummer Boulevard, Milton Keynes, ENG, MK9 3BG",Milton-Keynes,England,https://getsquire.com/discover/barbershop/braid-barbers-milton-keynes-milton-keynes
121,Headcase Barbers - Newbury,"32a Northbrook Street, Newbury, ENG, RG14 1DJ",Newbury,England,https://getsquire.com/discover/barbershop/headcase-barbers-newbury-newbury
122,Flux and Co. Barbershop,"121-123 High Street, Newcastle, ENG, ST5 1PS",Newcastle,England,https://getsquire.com/discover/barbershop/flux-and-co-barbershop-newcastle-under-lyme
123,Webster & Carr,"11 The Gosforth Centre, Newcastle upon Tyne, ENG, NE3 1JZ",Newcastle-Upon-Tyne,England,https://getsquire.com/discover/barbershop/webster-and-carr-newcastle-upon-tyne
124,Headcase Barbers - Nuneaton,"1-2 Abbey Street, Nuneaton, ENG, CV11 5BP",Nuneaton,England,https://getsquire.com/discover/barbershop/headcase-barbers-nuneaton-england
125,Cut Throat Kenny - Royton,"86 Rochdale Road, Oldham, ENG, OL2 6QF",Oldham,England,https://getsquire.com/discover/barbershop/cut-throat-kenny-royton-oldham
126,Danny&Co. Barbers Shaw Ltd.,"86 Milnrow Road, Oldham, ENG, OL2 8EE",Oldham,England,https://getsquire.com/discover/barbershop/danny-and-co-barbers-shaw-ltd-oldham
127,Bestkeptsecret,"106b Huddersfield Road, Oldham, ENG, OL4 2AH",Oldham,England,https://getsquire.com/discover/barbershop/bestkeptsecret-oldham
128,The Barbers Lounge,"105 Winner Street, Paignton, ENG, TQ3 3BP",Paignton,England,https://getsquire.com/discover/barbershop/the-barbers-lounge-paignton
129,Meydei,"Unit 5c Wharf Road Industrial Estate, Peterborough, ENG, PE2 9LR",Peterborough,England,https://getsquire.com/discover/barbershop/meydei-peterborough
130,The Projects Plymouth,"122 Cornwall Street, Plymouth City Centre, Plymouth, ENG, PL1 1PA",Plymouth,England,https://getsquire.com/discover/barbershop/the-projects-plymouth-plymouth
131,Barber Wright,"2 Lake Road, Plymouth, ENG, PL9 9RA",Plymouth,England,https://getsquire.com/discover/barbershop/barber-wright-england
132,MTE Barbering Academy,"26 Wimborne Road, Poole, ENG, BH15 2BU",Poole,England,https://getsquire.com/discover/barbershop/mte-barbering-academy-poole
133,MTE Hair Academy,"8 Tatanam Crescent, Poole, ENG, BH15 2DR",Poole,England,https://getsquire.com/discover/barbershop/mte-hair-academy-poole
134,Bonds Barbershop - Poole,"30 Longfleet Rd, Poole, ENG, BH15 2JA",Poole,England,https://getsquire.com/discover/barbershop/bonds-barbershop-poole-poole
135,BARBA,"42 Ormskirk Rd, Preston, ENG, PR1 2QP",Preston,England,https://getsquire.com/discover/barbershop/barba-preston
136,Ace of Fades,"1 brook house,, Pulborough, ENG, RH20 3NT",Pulborough,England,https://getsquire.com/discover/barbershop/ace-of-fades-pulborough
137,Luke Cutz - Collier Row,"170 Collier Row Road, Romford, ENG, RM5 2BD",Romford,England,https://getsquire.com/discover/barbershop/luke-cutz-collier-row-rm5-2bd
138,Hairforce1 - Romford,"54 London Road, Romford, ENG, RM7 9QX",Romford,England,https://getsquire.com/discover/barbershop/hairforce1-romford-romford
139,Freestylers Sheffield,"547, Rotherham, ENG, S9 1RQ",Rotherham,England,https://getsquire.com/discover/barbershop/freestylers-sheffield-sheffield
140,Richard Clarkson,"37 High Street, Ruislip, ENG, HA4 7AU",Ruislip,England,https://getsquire.com/discover/barbershop/richard-clarkson-ruislip
141,Luke & Company Barbershop,"37 High Street, Ruislip, ENG, HA4 7AU",Ruislip,England,https://getsquire.com/discover/barbershop/luke-and-company-barbershop-ruislip
142,Klipstar Studio,"74 Park Way, Ruislip, ENG, HA4 8NR",Ruislip,England,https://getsquire.com/discover/barbershop/klipstar-studio-ruislip
143,Handsome,"127, Sale, ENG, M33 5RE",Sale,England,https://getsquire.com/discover/barbershop/handsome-ashford
144,Siva Co,"187 Washway road, Sale, ENG, M33 4AH",Sale,England,https://getsquire.com/discover/barbershop/siva-co-manchester
145,98barbers,"24 Northampton Road, Scunthorpe, ENG, DN16 1UJ",Scunthorpe,England,https://getsquire.com/discover/barbershop/98barbers-scunthorpe
146,Club Thirteen - Seaham,"Fit 24 seaham, Seaham, ENG, SR7 7ND",Seaham,England,https://getsquire.com/discover/barbershop/club-thirteen-seaham-seaham
147,Selby,"8 The Crescent, Selby, ENG, YO8 4PD",Selby,England,https://getsquire.com/discover/barbershop/selby-selby
148,Faded Barbers Selby,"50 Micklegate, Selby, ENG, YO8 4EQ",Selby,England,https://getsquire.com/discover/barbershop/faded-barbers-selby-selby
149,Illicit Studios,"46 Flaxley Road, Selby, ENG, YO8 4BW",Selby,England,https://getsquire.com/discover/barbershop/illicit-studios-selby
150,Fargs - Sevenoaks,"47 High Street, Sevenoaks, ENG, TN13 1JF",Sevenoaks,England,https://getsquire.com/discover/barbershop/fargs-sevenoaks-sevenoaks
151,Slingers Barbershop - Sevenoaks,"75a High Street, Sevenoaks, ENG, TN13 1LD",Sevenoaks,England,https://getsquire.com/discover/barbershop/slingers-barbershop-sevenoaks-sevenoaks
152,Taylor Taylor Barbershop - Division St,"20 Division St, Sheffield, ENG, S1 4GF",Sheffield,England,https://getsquire.com/discover/barbershop/taylor-taylor-barbershop-division-st-sheffield
153,J's Barbershop,"3 Wicker, Sheffield, ENG, S3 8HS",Sheffield,England,https://getsquire.com/discover/barbershop/js-barbershop-sheffield
154,Taylor Taylor Barbershop - Surrey St,"47 Surrey street, Sheffield, ENG, S1 2LG",Sheffield,England,https://getsquire.com/discover/barbershop/taylor-taylor-barbershop-surrey-st-sheffield
155,Renegade Barbershop,"93 Station Road, Sheffield, ENG, S35 2XF",Sheffield,England,https://getsquire.com/discover/barbershop/renegade-barbershop-sheffield
156,Headcase Barbers - Shrewsbury,"20 St Mary's Street, Shrewsbury, ENG, SY1 1ED",Shrewsbury,England,https://getsquire.com/discover/barbershop/headcase-barbers-shrewsbury-england
157,No Forty Seven Barbers,"47a high street, Slough, ENG, SL3 8NF",Slough,England,https://getsquire.com/discover/barbershop/no-forty-seven-barbers-slough
158,Lightworks Barbershop,"10 Knightsbridge Road, Solihull, ENG, B92 8RL",Solihull,England,https://getsquire.com/discover/barbershop/lightworks-barbershop-olton-solihull
159,Ace Cutz,"177 Norwood Road, Southall, ENG, UB2 4JD",Southall,England,https://getsquire.com/discover/barbershop/ace-cutz-southhall
160,Crowns Barbers & Co,"63 Bedford Pl, Southampton, ENG, SO15 2DS",Southampton,England,https://getsquire.com/discover/barbershop/crowns-barbers-and-co-southampton
161,Cresswell Barber Co.,"385 Shirley Road, Southampton, ENG, SO15 3JD",Southampton,England,https://getsquire.com/discover/barbershop/cresswell-barber-co-southampton
162,REALTALK Barbershop,"103a Kensington Road, Southport, ENG, PR9 0RZ",Southport,England,https://getsquire.com/discover/barbershop/realtalk-barbershop-southport
163,House Of Mojos,"136 Cambridge Rd, Southport, ENG, PR9 9RZ",Southport,England,https://getsquire.com/discover/barbershop/house-of-mojos-churchtown
164,Headline Barbers,"58 Fawcett Road, Southsea, ENG, PO4 0DN",Southsea,England,https://getsquire.com/discover/barbershop/headline-barbers-portsmouth
165,Vault Male Image,"25 Trinity Street, St. Austell, ENG, PL25 5LS",St.-Austell,England,https://getsquire.com/discover/barbershop/vault-male-image-st-austell
166,TRMD,"138 Western Road, St. Leonards-on-Sea, ENG, TN37 6DQ",St.-Leonards-On-Sea,England,https://getsquire.com/discover/barbershop/trmd-bn12la
167,Taper’d,"6a woodhall road, Stockport, ENG, SK5 7QH",Stockport,England,https://getsquire.com/discover/barbershop/taperd-stockport
168,Mister Barber,"227 London Road, Stockport, ENG, SK7 4HS",Stockport,England,https://getsquire.com/discover/barbershop/mister-barber-hazel-grove
169,Stig Shop - Poynton,"53 park lane, Stockport, ENG, SK12 1RD",Stockport,England,https://getsquire.com/discover/barbershop/stig-shop-poynton-stockport
170,Cutthroat Jacks (Edgeley),"126 Castle Street, Stockport, ENG, SK3 9JH",Stockport,England,https://getsquire.com/discover/barbershop/cutthroat-jacks-edgeley-edgeley
171,Cutthroat Jacks Academy,"126 castle street, Stockport, ENG, SK3 9JH",Stockport,England,https://getsquire.com/discover/barbershop/cutthroat-jacks-academy-stockport
172,Guys Barber Shop,"19 Drove Road, Swindon, ENG, SN1 3AD",Swindon,England,https://getsquire.com/discover/barbershop/guys-barber-shop-swindon
173,Benny’s Barbershop,"55b Devizes Road, Swindon, ENG, SN1 4BG",Swindon,England,https://getsquire.com/discover/barbershop/bennys-barbershop-swindon
174,Fargs - Tonbridge,"8 Quarry Hill Parade, Tonbridge, ENG, TN9 2HR",Tonbridge,England,https://getsquire.com/discover/barbershop/fargs-tonbridge-tonbridge
175,Clique,"110 Kenwyn Street, Truro, ENG, TR1 3DJ",Truro,England,https://getsquire.com/discover/barbershop/clique-truro
176,THE P2 COLLECTIVE,"76 Camden Road, Tunbridge wells, Tunbridge Wells, ENG, TN1 2QP",Tunbridge-Wells,England,https://getsquire.com/discover/barbershop/the-p2-collective-tn1-2qp
177,Fargs - Tunbridge Wells,"10 Camden road, Tunbridge Wells, ENG, TN1 2PT",Tunbridge-Wells,England,https://getsquire.com/discover/barbershop/fargs-tunbridge-wells-tunbridge-wells
178,JAMES|MUNRO,"87 High Street, Tunbridge Wells, ENG, TN1 1YG",Tunbridge-Wells,England,https://getsquire.com/discover/barbershop/james-or-munro-tunbridge-wells
179,Headcase Barbers - Twickenham,"10 York Street, Twickenham, ENG, TW1 3LD",Twickenham,England,https://getsquire.com/discover/barbershop/headcase-barbers-twickenham-england
180,Coal House Cuts,"1 Station Approach, Upminster, ENG, RM14 2TH",Upminster,England,https://getsquire.com/discover/barbershop/coal-house-cuts-upminster
181,A’s Place,"Rear of 25 High Street, Uxbridge, ENG, UB9 6BX",Uxbridge,England,https://getsquire.com/discover/barbershop/as-place-harefield
182,Barbers of Benson,"33B High St, Wallingford, ENG, OX10 6RP",Wallingford,England,https://getsquire.com/discover/barbershop/barbers-of-benson-benson
183,NuEra Barbershop - Brownhills West,"46 Shannon Drive, Walsall, ENG, WS8 7LA",Walsall,England,https://getsquire.com/discover/barbershop/nuera-barbershop-brownhills-west-brownhills
184,FRA’n’Co,"3 Albury Grove Road, Waltham Cross, ENG, EN8 8NS",Waltham-Cross,England,https://getsquire.com/discover/barbershop/franco-cheshunt
185,Bonds Barbershop - Wareham,"49 North St, Wareham, ENG, BH20 4AD",Wareham,England,https://getsquire.com/discover/barbershop/bonds-barbershop-wareham-wareham
186,The Original Barbershop,"1 London Road, Warrington, ENG, WA4 6LF",Warrington,England,https://getsquire.com/discover/barbershop/the-original-barbershop-warrington
187,KEM Hair & Beauty Salon,"2-4 Walsall Road, Wednesbury, ENG, WS10 9JL",Wednesbury,England,https://getsquire.com/discover/barbershop/kem-hair-and-beauty-salon-darlaston
188,KEM Hair & Cosmetics,"19 Spring Head, Wednesbury, ENG, WS10 9AD",Wednesbury,England,https://getsquire.com/discover/barbershop/kem-hair-and-cosmetics-wednesbury
189,Kem & Reuben Unisex Salon,"8 Walsall Road, Wednesbury, ENG, WS10 9JL",Wednesbury,England,https://getsquire.com/discover/barbershop/kem-and-reuben-unisex-salon-darlaston
190,Ikonmanuk,"ONE . 18 Park Road, Wellingborough, ENG, NN8 4PG",Wellingborough,England,https://getsquire.com/discover/barbershop/ikonmanuk-wellingborough
191,Calista Beauty (Romford),"Unit 28, Mercury Shopping Centre (Opposite Wilkinson), Wickford, ENG, SS11 8LR",Wickford,England,https://getsquire.com/discover/barbershop/calista-beauty-romford-romford
192,Stigshop - Wilmslow,"108 Chapel Lane, Wilmslow, ENG, SK9 5JH",Wilmslow,England,https://getsquire.com/discover/barbershop/stigshop-wilmslow-wilmslow
193,Bonds Barbershop - Winchester,"37 Jewry St, Winchester, ENG, SO23 8RY",Winchester,England,https://getsquire.com/discover/barbershop/bonds-barbershop-winchester-winchester
194,Headcase Barbers - Windsor,"14 High Street, Windsor, ENG, SL4 1LD",Windsor,England,https://getsquire.com/discover/barbershop/headcase-barbers-windsor-windsor
195,Murray’s Barber Co,"75 Victoria Street, Windsor, ENG, SL4 1EH",Windsor,England,https://getsquire.com/discover/barbershop/murrays-barber-co-windsor
196,Headcase Barbers - Woking,"22 Chertsey Road, Woking, ENG, GU21 5AB",Woking,England,https://getsquire.com/discover/barbershop/headcase-barbers-woking-england
197,W.J.D Barbering,"45 Chapel Ash, Wolverhampton, ENG, WV3 0UF",Wolverhampton,England,https://getsquire.com/discover/barbershop/w-j-d-barbering-wolverhampton
198,CAMO - St. Johns,"53 St Johns, Worcester, ENG, WR2 5AG",Worcester,England,https://getsquire.com/discover/barbershop/camo-st-johns-st-johns
199,Teddy Edwards (Worthing),"43 Brighton Rd, Worthing, ENG, BN11 3EF",Worthing,England,https://getsquire.com/discover/barbershop/teddy-edwards-worthing-worthing
200,luxe.,"3 St. Johns House, Yeovil, ENG, BA21 5NH",Yeovil,England,https://getsquire.com/discover/barbershop/luxe-yeovil
201,King of Cuts - Fishergate York,"36 Fishergate, York, ENG, YO10 4AB",York,England,https://getsquire.com/discover/barbershop/king-of-cuts-fishergate-york-york
202,York,"20b Walmgate, York, ENG, YO1 9TL",York,England,https://getsquire.com/discover/barbershop/york-york
203,King of Cuts - Osbaldwick York,"173 Osbaldwick Lane, York, ENG, YO10 3BA",York,England,https://getsquire.com/discover/barbershop/king-of-cuts-osbaldwick-york-york
204,YFB HQ,"8 Tower Street, York, ENG, YO1 9SA",York,England,https://getsquire.com/discover/barbershop/yfb-hq-york
205,Cads for Men,"35 Fossgate, York, ENG, YO1 9TF",York,England,https://getsquire.com/discover/barbershop/cads-for-men-york
206,Courtyard Barbers,"23 Lendal, York, ENG, YO1 8AQ",York,England,https://getsquire.com/discover/barbershop/courtyard-barbers-york
207,The Barberhood,"131 Shore Road, Antrim, NIR, BT41 3NR",Antrim,Northern-Ireland,https://getsquire.com/discover/barbershop/the-barberhood-newtownabbey
208,EMG male grooming,"Unit 2 orpen shopping centre, Belfast, NIR, BT7 1NH",Belfast,Northern-Ireland,https://getsquire.com/discover/barbershop/emg-male-grooming-belfast
209,JFH Social - Lisburn Road,"214-316 Lisburn Rd., Belfast, NIR, BT9 6GD",Belfast,Northern-Ireland,https://getsquire.com/discover/barbershop/jfh-social-lisburn-road-belfast
210,Bespoke Barbershop - North Belfast,"4 Westland Road, Belfast, NIR, BT14 6NH",Belfast,Northern-Ireland,https://getsquire.com/discover/barbershop/bespoke-barbershop-north-belfast-belfast
211,Belmont Barbers,"33 Belmont Road, Belfast, NIR, BT4 2AA",Belfast,Northern-Ireland,https://getsquire.com/discover/barbershop/belmont-barbers-belfast
212,Bespoke Barbershop - Belfast City Centre,"17 Linenhall Street, Belfast, NIR, BT2 8BG",Belfast,Northern-Ireland,https://getsquire.com/discover/barbershop/bespoke-barbershop-belfast-city-centre-belfast
213,JFH Social - Ormeau Road,"397 Ormeau Rd, Ormeau, Belfast, NIR, BT7 3GP",Belfast,Northern-Ireland,https://getsquire.com/discover/barbershop/jfh-social-ormeau-road-belfast
214,Bespoke Barbershop- Glengormley,"4 Hightown Rd, Newtownabbey, NIR, BT36 7UA",Newtownabbey,Northern-Ireland,https://getsquire.com/discover/barbershop/bespoke-barbershop-glengormley-glengormley
215,The 33rd Barbershop,"398 George Street, Aberdeen, SCT, AB25 1HD",Aberdeen,Scotland,https://getsquire.com/discover/barbershop/the-33rd-barbershop-aberdeen
216,Sovereign Grooming - Aberdeen,"520 Union Street, Aberdeen, SCT, AB10 1TT",Aberdeen,Scotland,https://getsquire.com/discover/barbershop/sovereign-grooming-aberdeen-aberdeen
217,Downtown Barbers,"2 Callander Road, Airdrie, SCT, ML6 8HA",Airdrie,Scotland,https://getsquire.com/discover/barbershop/downtown-barbers-falkirk
218,barbarossacuttingstudio,"113-115 Morrison Street, Edinburgh, SCT, EH3 8BX",Edinburgh,Scotland,https://getsquire.com/discover/barbershop/barbarossacuttingstudio-edinburgh-city
219,Rag & Bone Barbershop - Jeffrey,"6 Jeffrey St, Edinburgh, SCT, EH1 1DT",Edinburgh,Scotland,https://getsquire.com/discover/barbershop/rag-and-bone-barbershop-jeffrey-edinburgh
220,Rag & Bone Barbershop - Bruntsfield,"107 Bruntsfield Pl, Edinburgh, Edinburgh, SCT, EH10 4EQ",Edinburgh,Scotland,https://getsquire.com/discover/barbershop/rag-and-bone-barbershop-bruntsfield-edinburgh
221,Sovereign Grooming - Edinburgh,"6 Sibbald Walk, Edinburgh, SCT, EH8 8FT",Edinburgh,Scotland,https://getsquire.com/discover/barbershop/sovereign-grooming-edinburgh-edinburgh
222,Connoisseurs Barbershop - Leith,"106 Duke Street, Edinburgh, SCT, EH6 8HL",Edinburgh,Scotland,https://getsquire.com/discover/barbershop/connoisseurs-barbershop-leith-edinburgh
223,Trim2Fresh,"137 Great Junction Street, Edinburgh, SCT, EH6 5JB",Edinburgh,Scotland,https://getsquire.com/discover/barbershop/trim2fresh-edinburgh
224,Brazen Men’s Hair,"88 Brunswick street, Edinburgh, SCT, EH7 5HU",Edinburgh,Scotland,https://getsquire.com/discover/barbershop/brazen-mens-hair-edinburgh
225,Half-Cut Barbershop,"23 Candlemaker Row, Edinburgh, SCT, EH1 2QG",Edinburgh,Scotland,https://getsquire.com/discover/barbershop/half-cut-barbershop-edinburgh
226,Rag & Bone Barbershop - Dundas,"103 Dundas St., Edinburgh, SCT, EH3 6SD",Edinburgh,Scotland,https://getsquire.com/discover/barbershop/rag-and-bone-barbershop-dundas-edinburgh
227,Rag & Bone Barbershop - Morrison,"208 Morrison Street, Edinburgh, SCT, EH3 8EA",Edinburgh,Scotland,https://getsquire.com/discover/barbershop/rag-and-bone-barbershop-morrison-edinburgh
228,EXSTUDIO,"22 milnpark street, Glasgow, SCT, G41 1BB",Glasgow,Scotland,https://getsquire.com/discover/barbershop/exstudio-glasgow
229,Mohair,"87 Saltmarket, Glasgow, SCT, G1 5LE",Glasgow,Scotland,https://getsquire.com/discover/barbershop/mohair-glasgow
230,Safe Hands Barbers - Parnie Street,"61 Parnie Street, Glasgow, SCT, G1 5LU",Glasgow,Scotland,https://getsquire.com/discover/barbershop/safe-hands-barbers-parnie-street-glasgow
231,Chris Crook Hairdressing for Men,"37a Ardconnel terrace, Inverness, SCT, IV2 3AE",Inverness,Scotland,https://getsquire.com/discover/barbershop/chris-crook-hairdressing-for-men-inverness
232,Stags barbershop,"1 Carsegate Rd N, Inverness, SCT, IV3 8EA",Inverness,Scotland,https://getsquire.com/discover/barbershop/stags-barbershop-inverness
233,Downtown Barbers - Stenny,"1A Tryst Road, Larbert, SCT, FK5 4QQ",Larbert,Scotland,https://getsquire.com/discover/barbershop/downtown-barbers-stenny-falkirk
234,A.L BARBERS,"Space2B @ the Maltings, First Floor, house 1., Dinas Powys, WLS, CF64 4DH",Dinas-Powys,Wales,https://getsquire.com/discover/barbershop/a-l-barbers-cardiff
235,Freestyle Barbers,"64A Portfield, Haverfordwest, WLS, SA61 1BW",Haverfordwest,Wales,https://getsquire.com/discover/barbershop/freestyle-barbers-haverfordwest
236,Rogues & Gentlemen barbers,"41 High street, Menai Bridge, WLS, LL59 5EF",Menai-Bridge,Wales,https://getsquire.com/discover/barbershop/rogues-and-gentlemen-barbers-menai-bridge
237,MOLISANO ltd,"26, Queen Street, Pembroke Dock, WLS, SA72 6JE",Pembroke-Dock,Wales,https://getsquire.com/discover/barbershop/molisano-ltd-pembroke-dock
